{"best_acc": 99.8158379373849, "train_loss": 0.8936215513977557, "train_acc": 99.28349447513813, "_timestamp": 1715883268.5644662, "val_loss": 0.11075008660554886, "val_net1_accuracy": 99.81152163904235, "_runtime": 178049.63219833374, "_step": 139, "_wandb": {"runtime": 178503}}