{"best_acc": 99.96661324786325, "train_loss": 0.8682421983307244, "train_acc": 99.8530982905983, "_timestamp": 1715880293.9385424, "val_loss": 0.0918685644865036, "val_net1_accuracy": 99.9599358974359, "_runtime": 175076.2612633705, "_step": 300, "_wandb": {"runtime": 175075}}