{"best_acc": 54.530006631299734, "_wandb": {"runtime": 969}, "val_accuracy": 54.530006631299734, "_timestamp": 1715884324.1823397, "train_loss": 7.495572845073184e-06, "train_acc": 50.157493368700266, "_runtime": 770.5361175537109, "_step": 0}