{"best_acc": 99.45746527777777, "train_loss": 0.8804135239786572, "train_acc": 99.34895833333333, "_timestamp": 1716028684.8045793, "val_loss": 0.10994138568639755, "val_net1_accuracy": 99.45746527777777, "_runtime": 76317.74427628517, "_step": 300, "_wandb": {"runtime": 76316}}