{"best_acc": 63.13411803713528, "val_accuracy": 61.22347480106101, "_timestamp": 1716129194.3028054, "train_loss": 7.815886419848539e-06, "train_acc": 56.92763594164456, "_runtime": 79344.28991651535, "_step": 221, "_wandb": {"runtime": 79351}}