{"best_acc": 99.77975398936171, "train_loss": 0.8749155139035367, "train_acc": 99.64261968085107, "_timestamp": 1715829182.6727533, "val_loss": 0.09634431451559067, "val_net1_accuracy": 99.77559840425532, "_runtime": 123962.38307023048, "_step": 300, "_wandb": {"runtime": 123961}}