{"best_acc": 99.9732905982906, "train_loss": 0.8683207399315305, "train_acc": 99.84975961538461, "_timestamp": 1716101600.1204045, "val_loss": 0.0918893963098526, "val_net1_accuracy": 99.9599358974359, "_runtime": 142790.107742548, "_step": 300, "_wandb": {"runtime": 142789}}