{"best_acc": 68.05037313432835, "val_accuracy": 67.72554637526652, "_timestamp": 1716129118.5368268, "train_loss": 5.940964001638349e-06, "train_acc": 55.437100213219615, "_runtime": 24281.28295493126, "_step": 49, "_wandb": {"runtime": 24358}}