{"best_acc": 99.462890625, "train_loss": 0.8804400745365355, "train_acc": 99.33810763888889, "_timestamp": 1715800183.656795, "val_loss": 0.10998303443193436, "val_net1_accuracy": 99.44661458333333, "_runtime": 94968.96994113922, "_step": 300, "_wandb": {"runtime": 94968}}